subject,mean_accuracy_AdaBoost,mean_accuracy_DecisionTree,mean_accuracy_KNN,mean_accuracy_LDA,mean_accuracy_QDA,mean_accuracy_RandomForest,mean_accuracy_SVM,std_accuracy_AdaBoost,std_accuracy_DecisionTree,std_accuracy_KNN,std_accuracy_LDA,std_accuracy_QDA,std_accuracy_RandomForest,std_accuracy_SVM
1,0.8075862068965518,0.7701149425287357,0.78,0.8073563218390805,0.7877011494252874,0.7771264367816092,0.8074712643678161,0.0538937068888832,0.02177243308975,0.0645199351925994,0.0524374820434254,0.0542817232859342,0.0448465919038493,0.0302464881637727
2,0.8212643678160919,0.817816091954023,0.8179310344827586,0.824712643678161,0.8279310344827587,0.8211494252873563,0.8179310344827586,0.0771113608781677,0.0651720083508238,0.0577080180918914,0.0566382153284559,0.0563360291765365,0.0646672019460461,0.0647141748660237
3,0.8982758620689655,0.9014942528735632,0.9118390804597702,0.8306896551724139,0.7933333333333333,0.9255172413793104,0.9255172413793102,0.0613285984489539,0.0606827974181895,0.0558248066441871,0.0855454316408548,0.0892235410052773,0.0660790592118498,0.0427604745612201
4,0.9255172413793104,0.9087356321839082,0.942528735632184,0.8580459770114943,0.888390804597701,0.929080459770115,0.9288505747126438,0.05378475227444,0.0574993035049466,0.0431363858827559,0.0522862180019257,0.0484191906259761,0.0462807495805903,0.028682479577159
5,0.864367816091954,0.8578160919540231,0.8377011494252873,0.7696551724137931,0.8609195402298851,0.861264367816092,0.864367816091954,0.065347632851561,0.0642384784318809,0.0739444146409942,0.0590791180132982,0.0712421174014945,0.0598387095338254,0.0686640922443955
6,0.904942528735632,0.894712643678161,0.8914942528735633,0.8611494252873564,0.8610344827586207,0.8981609195402299,0.8644827586206898,0.0569958497259431,0.0608592197568243,0.0455445175443311,0.0690015231679558,0.0675397643231765,0.0533021113526151,0.0628231111536125
7,0.5508045977011494,0.5302298850574713,0.56816091954023,0.4424137931034483,0.4735632183908046,0.5845977011494254,0.6045977011494253,0.0585209880110179,0.0611642234276454,0.0612505645315751,0.0416702733278516,0.0976768056216723,0.088296812647991,0.0413793103448275
